user,text
@driscollis,All text has been intentionally set empty after scrapping
@AlSweigart,and uploading
@Antipolluters,
@DataScientistsN,
@philipvollet,
@drhammed,
@TDataScience,
@driscollis,
@Onlyfanstars_,
@NdubuisiNwank18,
@Masked_Python,
@bbelderbos,
@Olluwasnipes,
@AdewaleYusuf_,
@DataScienceDojo,
@Oludeewon,
@aussiastronomer,
@driscollis,
@JohnPet57077833,
@miumiups,
@KulwantParkar1,
@Iffyaria,
@PyconTanzania,
@ChattyGarrate,
@RealBenjizo,
@thatjuanpablo,
@clcoding,
@__KESH__,
@nerd_thejohn,
@anthonypjshaw,
@clcoding,
@machin3io,
@art_vion,
@r_h_e_a_n,
@MorphMarket,
@indian_quant,
@driscollis,
@ShaKKiroh,
@MonroeMcelroy,
@groan_pains,
@onions_hello,
@david_picard,
@OCam_l,
@InfinityTechub,
@hypergeometer,
@CmdrSmoht,
@driscollis,
@TerribleQuant,
@scatter_art,
@trojrobert,
@Ashley_KCee,
@IvyMbogo1,
@drhammed,
@WSROIndia,
@LoLMidorima,
@koshti_akanksha,
@davidbombal,
@ml_india_,
@jeffslither,
@GatsSFW,
@SamsonOlubode,
@tlansec,
@Linocondor1,
@DaxAeterna,
@python_engineer,
@Jeb_Jacobson,
@CSProfKGD,
@paulabartabajo_,
@AraniaTweets,
@shivanshx365,
@ItsDevMutai,
@4gusjk,
@jamieboyle10,
@ShaunMiddleto66,
@Strydo_tech,
@MrSadnigga,
@PadmashreeJha,
@angxo18,
@prthgo,
@DincihsanKerim,
@__maish,
@tatiobandore,
@Colon6Maurice,
@colemanmatey,
@grantadever,
@gouthique,
@rickykenya_,
@Lyn_Eve_,
@Ashishstwt,
@kiranframes,
@roniabusayeed,
@prthgo,
@MistrelofHorror,
@MartinHTrauth,
@IvyMbogo1,
@Tomovaxxedas,
@Philip_Avornor,
@koshti_akanksha,
@vidhzz30,
@WWCodePython,
@AkinAkinbiyi,
@csturner88,
@abayomi4sam,
@Hakin9,
@driscollis,
@ditiovh,
@SDcoderDutta,
@llisor,
@anthonyadonisdj,
@doihachiro156cm,
@atryinlion,
@kdnuggets,
@MyDigitalQuill,
@SlothGreaver,
@Gussaguileral,
@theablestate,
@driscollis,
@ChadaniAcharya4,
@ModernTrends_Ke,
@yaxyaaa,
@anthonypjshaw,
@attomos,
@PavaniMidathana,
@zhangyi14377506,
@lai_yannie,
